Archivo_Original,Codigo_Texto,Clase_Inventario,Tipo_Codigo,Numero_Recorte
218.jpg,011076,2025,QRCODE,1
219.jpg,011496,2025,QRCODE,1
219.jpg,011496,2025,CODE128,1
219.jpg,740880370564,sbn,QRCODE,2
219.jpg,740880370564,sbn,CODE128,2
219.jpg,008443,2023,CODE128,4
219.jpg,3490,2020,CODE39,5
220.jpg,008875,2023,CODE128,1
220.jpg,740895000930,sbn,QRCODE,2
220.jpg,740895000930,sbn,CODE128,2
220.jpg,011495,2025,QRCODE,3
220.jpg,011495,2025,CODE128,3
220.jpg,22001473,2022,CODE128,4
220.jpg,3392,2021,CODE128,5
220.jpg,3392,2023,CODE128,6
221.jpg,740895000930,sbn,QRCODE,1
221.jpg,740895000930,sbn,CODE128,1
221.jpg,011495,2025,QRCODE,2
221.jpg,011495,2025,CODE128,2
221.jpg,3515,2020,CODE39,3
221.jpg,3392,2021,CODE128,4
223.jpg,011494,2025,QRCODE,1
223.jpg,740880370667,sbn,CODE128,2
224.jpg,011494,2025,QRCODE,1
224.jpg,011494,2025,CODE128,1
224.jpg,740880370667,sbn,CODE128,2
225.jpg,011494,2025,QRCODE,1
225.jpg,011494,2025,CODE128,1
225.jpg,740880370667,sbn,CODE128,2
226.jpg,740899501029,sbn,CODE128,1
226.jpg,011493,2025,QRCODE,2
226.jpg,011493,2025,CODE128,2
227.jpg,011493,2025,QRCODE,1
227.jpg,011493,2025,CODE128,1
227.jpg,740899501029,sbn,QRCODE,2
227.jpg,740899501029,sbn,CODE128,2
228.jpg,740899501065,sbn,QRCODE,1
229.jpg,011230,2025,QRCODE,2
229.jpg,011230,2025,CODE128,2
230.jpg,011229,2025,QRCODE,2
230.jpg,011229,2025,CODE128,2
231.jpg,011231,2025,QRCODE,1
231.jpg,011231,2025,CODE128,1
232.jpg,011231,2025,QRCODE,1
232.jpg,011231,2025,CODE128,1
232.jpg,740880370705,sbn,CODE128,2
233.jpg,011231,2025,QRCODE,1
233.jpg,011231,2025,CODE128,1
233.jpg,740880370705,sbn,CODE128,2
234.jpg,003372,2025,QRCODE,1
234.jpg,003372,2025,CODE128,1
234.jpg,2508,2020,CODE39,2
234.jpg,005382,2023,CODE128,4
234.jpg,742232610002,sbn,CODE128,5
234.jpg,00802,sbn,CODE128,7
235.jpg,003372,2025,QRCODE,2
235.jpg,003372,2025,CODE128,2
235.jpg,22004807,2022,CODE128,3
235.jpg,005382,2023,CODE128,4
235.jpg,00011,sbn,CODE128,7
235.jpg,00802,sbn,CODE128,9
236.jpg,011500,2025,CODE128,2
237.jpg,740899501095,sbn,QRCODE,1
237.jpg,011500,2025,QRCODE,2
237.jpg,011500,2025,CODE128,2
237.jpg,011500,sbn,QRCODE,3
237.jpg,011500,sbn,CODE128,3
238.jpg,740895001201,sbn,CODE128,1
238.jpg,011499,2025,QRCODE,2
238.jpg,011499,2025,CODE128,2
239.jpg,740895001201,sbn,CODE128,1
239.jpg,011499,2025,QRCODE,2
239.jpg,011499,2025,CODE128,2
239.jpg,,2025,CODE128,2
240.jpg,011499,2025,QRCODE,1
240.jpg,740895001201,sbn,CODE128,2
241.jpg,011497,2025,CODE128,2
242.jpg,011497,2025,QRCODE,1
242.jpg,740880370735,sbn,CODE128,2
244.jpg,740899501041,sbn,CODE128,1
244.jpg,011065,2025,QRCODE,2
244.jpg,011065,2025,CODE128,2
245.jpg,740895001017,sbn,QRCODE,2
245.jpg,740895001017,sbn,CODE128,2
246.jpg,740895001017,sbn,QRCODE,1
246.jpg,740895001017,sbn,CODE128,1
246.jpg,8562,2020,CODE39,2
246.jpg,011063,2025,QRCODE,3
246.jpg,011063,2025,CODE128,3
247.jpg,008977,2023,CODE128,1
247.jpg,740880370635,sbn,CODE128,2
247.jpg,8547,2020,CODE39,4
247.jpg,3313,2021,CODE128,5
247.jpg,3313,2022,CODE128,6
248.jpg,008977,2023,CODE128,1
248.jpg,740880370635,sbn,QRCODE,2
248.jpg,740880370635,sbn,CODE128,2
248.jpg,011064,2025,QRCODE,3
248.jpg,011064,2025,CODE128,3
249.jpg,740880370635,sbn,QRCODE,1
249.jpg,740880370635,sbn,CODE128,1
249.jpg,011064,2025,QRCODE,2
249.jpg,011064,2025,CODE128,2
249.jpg,008977,2023,CODE128,3
250.jpg,008977,2023,CODE128,1
250.jpg,3313,2021,CODE128,4
250.jpg,3313,2022,CODE128,8
251.jpg,740899501048,sbn,CODE128,1
251.jpg,011225,2025,QRCODE,2
251.jpg,011225,2025,CODE128,2
254.jpg,011226,2025,QRCODE,1
254.jpg,740895001136,sbn,QRCODE,2
254.jpg,740895001136,sbn,CODE128,2
255.jpg,011226,2025,QRCODE,1
255.jpg,740895001136,sbn,CODE128,2
256.jpg,011226,2025,QRCODE,1
256.jpg,011226,2025,CODE128,1
257.jpg,008496,2023,CODE128,1
257.jpg,740880370607,sbn,QRCODE,2
257.jpg,011227,2025,QRCODE,5
257.jpg,011227,2025,CODE128,5
258.jpg,008496,2023,CODE128,1
258.jpg,011227,2025,QRCODE,4
258.jpg,011227,2025,CODE128,4
258.jpg,3703,2020,CODE39,5
259.jpg,740880370607,sbn,CODE128,2
261.jpg,011201,2025,QRCODE,1
261.jpg,011201,2025,CODE128,1
261.jpg,740899501075,sbn,CODE128,2
262.jpg,740895001160,sbn,QRCODE,1
262.jpg,740895001160,sbn,CODE128,1
262.jpg,011067,2025,QRCODE,2
262.jpg,011067,2025,CODE128,2
263.jpg,011067,2025,QRCODE,2
264.jpg,011068,2025,QRCODE,1
264.jpg,011068,2025,CODE128,1
265.jpg,740880370693,sbn,CODE128,1
265.jpg,011068,2025,QRCODE,2
265.jpg,011068,2025,CODE128,2
266.jpg,740880370693,sbn,CODE128,1
266.jpg,011068,2025,QRCODE,2
266.jpg,011068,2025,CODE128,2
267.jpg,740899501033,sbn,QRCODE,1
267.jpg,740899501033,sbn,CODE128,1
267.jpg,011460,2025,QRCODE,2
267.jpg,011460,2025,CODE128,2
268.jpg,740899501033,sbn,QRCODE,1
268.jpg,740899501033,sbn,CODE128,1
268.jpg,011460,2025,QRCODE,2
268.jpg,011460,2025,CODE128,2
269.jpg,740880370674,sbn,CODE128,1
270.jpg,740880370674,sbn,CODE128,1
271.jpg,740880370673,sbn,CODE128,1
271.jpg,011462,2025,QRCODE,2
271.jpg,011462,2025,CODE128,2
272.jpg,011462,2025,CODE128,2
273.jpg,740895001131,sbn,QRCODE,1
273.jpg,740895001131,sbn,CODE128,1
273.jpg,011216,2025,QRCODE,2
273.jpg,011216,2025,CODE128,2
274.jpg,740895001131,sbn,CODE128,1
274.jpg,011216,2025,QRCODE,2
274.jpg,011216,2025,CODE128,2
275.jpg,740899501068,sbn,QRCODE,1
275.jpg,011214,2025,QRCODE,2
276.jpg,740899501068,sbn,QRCODE,1
276.jpg,011214,2025,QRCODE,2
277.jpg,740880370751,sbn,QRCODE,1
277.jpg,740880370751,sbn,CODE128,1
277.jpg,011215,2025,QRCODE,2
277.jpg,011215,2025,CODE128,2
278.jpg,740880370751,sbn,QRCODE,1
278.jpg,740880370751,sbn,CODE128,1
278.jpg,011215,2025,QRCODE,2
278.jpg,011215,2025,CODE128,2
280.jpg,740899501034,sbn,QRCODE,1
280.jpg,740899501034,sbn,CODE128,1
280.jpg,011057,2025,QRCODE,2
280.jpg,011057,2025,CODE128,2
281.jpg,740899501034,sbn,QRCODE,1
281.jpg,740899501034,sbn,CODE128,1
281.jpg,011057,2025,CODE128,2
282.jpg,011057,2025,QRCODE,2
282.jpg,011057,2025,CODE128,2
283.jpg,740895001141,sbn,QRCODE,1
283.jpg,740895001141,sbn,CODE128,1
283.jpg,011055,2025,QRCODE,2
283.jpg,011055,2025,CODE128,2
284.jpg,740895001141,sbn,CODE128,1
284.jpg,011055,2025,QRCODE,2
285.jpg,008835,2023,CODE128,1
285.jpg,952282870151,sbn,QRCODE,2
285.jpg,952282870151,sbn,CODE128,2
285.jpg,22001465,2022,CODE128,3
285.jpg,011060,2025,QRCODE,5
285.jpg,011060,2025,CODE128,5
285.jpg,011060,sbn,QRCODE,6
285.jpg,011060,sbn,CODE128,6
286.jpg,008835,2023,CODE128,1
286.jpg,952282870151,sbn,QRCODE,2
286.jpg,22001465,2022,CODE128,3
286.jpg,011060,sbn,QRCODE,4
286.jpg,011060,sbn,CODE128,4
286.jpg,011060,2025,QRCODE,5
286.jpg,011060,2025,CODE128,5
287.jpg,3574,2020,CODE39,1
287.jpg,008837,2023,CODE128,2
287.jpg,740880370597,sbn,QRCODE,3
287.jpg,740880370597,sbn,CODE128,3
287.jpg,011058,2025,QRCODE,4
287.jpg,011058,2025,CODE128,4
287.jpg,22001467,2023,CODE128,5
287.jpg,22001467,2022,CODE128,6
288.jpg,008837,2023,CODE128,1
288.jpg,011058,2025,CODE128,2
288.jpg,3574,2020,CODE39,3
288.jpg,740880370597,sbn,QRCODE,4
288.jpg,22001467,2023,CODE128,6
289.jpg,740880370592,sbn,QRCODE,1
289.jpg,740880370592,sbn,CODE128,1
289.jpg,008881,2023,CODE128,2
289.jpg,3484,2020,CODE39,3
289.jpg,3351,2021,CODE128,4
289.jpg,011056,2025,CODE128,5
289.jpg,22001318,2022,CODE128,6
289.jpg,3351,2023,CODE128,7
291.jpg,740899501032,sbn,QRCODE,1
291.jpg,740899501032,sbn,CODE128,1
291.jpg,011453,2025,CODE128,2
292.jpg,740899501032,sbn,QRCODE,1
292.jpg,740899501032,sbn,CODE128,1
292.jpg,011453,2025,CODE128,2
293.jpg,740895001139,sbn,CODE128,1
293.jpg,011458,2025,QRCODE,2
293.jpg,011458,2025,CODE128,2
294.jpg,740895001139,sbn,QRCODE,1
294.jpg,740895001139,sbn,CODE128,1
294.jpg,011458,2025,QRCODE,2
294.jpg,011458,2025,CODE128,2
295.jpg,740880370672,sbn,CODE128,1
295.jpg,011456,2025,QRCODE,2
295.jpg,011456,2025,CODE128,2
296.jpg,740880370672,sbn,CODE128,1
296.jpg,011456,2025,QRCODE,2
296.jpg,011456,2025,CODE128,2
297.jpg,740880370672,sbn,CODE128,1
297.jpg,011456,2025,QRCODE,2
297.jpg,011456,2025,CODE128,2
298.jpg,740880370632,sbn,QRCODE,1
298.jpg,740880370632,sbn,CODE128,1
298.jpg,OYIMBJA005659,sbn,CODE128,3
298.jpg,0685417129287,sbn,EAN13,3
299.jpg,011455,2025,QRCODE,2
299.jpg,011455,2025,CODE128,2
300.jpg,011492,2025,QRCODE,1
300.jpg,011492,2025,CODE128,1
300.jpg,740895001188,sbn,CODE128,2
301.jpg,740895001188,sbn,CODE128,1
301.jpg,011492,2025,QRCODE,2
301.jpg,011492,2025,CODE128,2
303.jpg,740899501081,sbn,CODE128,1
303.jpg,011490,2025,QRCODE,2
303.jpg,011490,2025,CODE128,2
304.jpg,740880370718,sbn,CODE128,1
304.jpg,011489,2025,CODE128,2
305.jpg,740880370718,sbn,QRCODE,1
305.jpg,740880370718,sbn,CODE128,1
305.jpg,011489,2025,CODE128,2
306.jpg,011210,2025,QRCODE,1
306.jpg,740895001132,sbn,QRCODE,2
306.jpg,740895001132,sbn,CODE128,2
307.jpg,740895001132,sbn,CODE128,1
307.jpg,011210,2025,QRCODE,2
307.jpg,011210,2025,CODE128,2
308.jpg,740899501025,sbn,CODE128,1
308.jpg,011211,2025,QRCODE,2
308.jpg,011211,2025,CODE128,2
309.jpg,740899501025,sbn,CODE128,1
309.jpg,011211,2025,QRCODE,2
309.jpg,011211,2025,CODE128,2
310.jpg,011212,2025,QRCODE,1
310.jpg,011212,2025,CODE128,1
310.jpg,740880370663,sbn,CODE128,2
311.jpg,011212,2025,QRCODE,1
311.jpg,011212,2025,CODE128,1
311.jpg,740880370663,sbn,CODE128,2
312.jpg,740895001145,sbn,CODE128,1
313.jpg,011354,2025,QRCODE,1
313.jpg,740895001145,sbn,CODE128,2
314.jpg,011355,2025,QRCODE,1
314.jpg,011355,2025,CODE128,1
315.jpg,740880370678,sbn,CODE128,1
315.jpg,011355,2025,QRCODE,2
315.jpg,011355,2025,CODE128,2
316.jpg,740899501038,sbn,QRCODE,1
316.jpg,011356,2025,QRCODE,2
316.jpg,011356,2025,CODE128,2
317.jpg,740899501038,sbn,QRCODE,1
317.jpg,740899501038,sbn,CODE128,1
317.jpg,011356,2025,QRCODE,2
317.jpg,011356,2025,CODE128,2
318.jpg,740895001195,sbn,QRCODE,1
318.jpg,740895001195,sbn,CODE128,1
318.jpg,011046,2025,QRCODE,2
318.jpg,011046,2025,CODE128,2
319.jpg,011046,2025,CODE128,1
319.jpg,740895001195,sbn,CODE128,2
320.jpg,740899501056,sbn,CODE128,1
320.jpg,011049,2025,QRCODE,2
320.jpg,011049,2025,CODE128,2
321.jpg,011049,2025,QRCODE,2
321.jpg,011049,2025,CODE128,2
323.jpg,740899501058,sbn,CODE128,1
323.jpg,011052,2025,QRCODE,2
323.jpg,011052,2025,CODE128,2
324.jpg,740880370591,sbn,QRCODE,1
324.jpg,22001953,2022,CODE128,2
324.jpg,011048,2025,CODE128,3
326.jpg,740880370698,sbn,CODE128,1
326.jpg,011047,2025,QRCODE,2
326.jpg,011047,2025,CODE128,2
327.jpg,011047,2025,QRCODE,1
327.jpg,011047,2025,CODE128,1
327.jpg,740880370698,sbn,CODE128,2
328.jpg,011052,2025,CODE128,2
329.jpg,011052,2025,QRCODE,1
329.jpg,011052,2025,CODE128,1
329.jpg,740899501058,sbn,CODE128,2
330.jpg,740895001171,sbn,QRCODE,1
330.jpg,740895001171,sbn,CODE128,1
330.jpg,011051,2025,QRCODE,2
330.jpg,011051,2025,CODE128,2
331.jpg,011051,2025,QRCODE,1
331.jpg,011051,2025,CODE128,1
331.jpg,740895001171,sbn,QRCODE,2
331.jpg,740895001171,sbn,CODE128,2
333.jpg,740880370704,sbn,CODE128,1
333.jpg,011053,2025,QRCODE,2
333.jpg,011053,2025,CODE128,2
334.jpg,011206,2025,CODE128,1
334.jpg,740895001134,sbn,QRCODE,2
334.jpg,740895001134,sbn,CODE128,2
335.jpg,740895001134,sbn,QRCODE,1
335.jpg,740895001134,sbn,CODE128,1
335.jpg,011206,2025,QRCODE,2
335.jpg,011206,2025,CODE128,2
336.jpg,011207,2025,QRCODE,1
336.jpg,011207,2025,CODE128,1
336.jpg,740880370665,sbn,QRCODE,2
336.jpg,740880370665,sbn,CODE128,2
337.jpg,011207,2025,QRCODE,1
337.jpg,011207,2025,CODE128,1
337.jpg,740880370665,sbn,CODE128,2
338.jpg,3588,2021,CODE39,1
338.jpg,3184,2021,CODE128,1
338.jpg,008413,2023,CODE128,2
338.jpg,952282870161,sbn,QRCODE,3
338.jpg,952282870161,sbn,CODE128,3
338.jpg,011208,2025,QRCODE,4
338.jpg,011208,2025,CODE128,4
338.jpg,3588,2020,CODE39,5
338.jpg,22002023,2022,CODE128,6
338.jpg,3184,2023,CODE128,7
339.jpg,952282870161,sbn,QRCODE,1
339.jpg,952282870161,sbn,CODE128,1
339.jpg,011208,2025,QRCODE,2
339.jpg,011208,2025,CODE128,2
339.jpg,3184,2021,CODE128,3
339.jpg,008413,2023,CODE128,4
339.jpg,3588,2020,CODE39,5
339.jpg,22002023,2023,CODE128,6
339.jpg,3184,2020,CODE128,7
341.jpg,740899501027,sbn,CODE128,1
341.jpg,011205,2025,QRCODE,2
341.jpg,011205,2025,CODE128,2
343.jpg,011359,2025,QRCODE,1
344.jpg,5453,2020,CODE39,1
344.jpg,008434,2023,CODE128,2
344.jpg,011359,2025,QRCODE,3
344.jpg,011359,2025,CODE128,3
344.jpg,740895000966,sbn,QRCODE,4
346.jpg,740899501072,sbn,QRCODE,1
346.jpg,740899501072,sbn,CODE128,1
346.jpg,011358,2025,QRCODE,2
346.jpg,011358,2025,CODE128,2
347.jpg,740880370712,sbn,CODE128,1
347.jpg,011360,2025,QRCODE,2
347.jpg,011360,2025,CODE128,2
348.jpg,740880370712,sbn,CODE128,1
348.jpg,011360,2025,QRCODE,2
348.jpg,011360,2025,CODE128,2
349.jpg,008869,2023,CODE128,1
349.jpg,952282870155,sbn,CODE128,2
349.jpg,011241,2025,QRCODE,3
349.jpg,011241,2025,CODE128,3
349.jpg,3373,2021,CODE128,4
349.jpg,22001927,2023,CODE128,5
349.jpg,22001927,2022,CODE128,6
349.jpg,3373,2022,CODE128,7
351.jpg,952282870155,sbn,QRCODE,1
351.jpg,952282870155,sbn,CODE128,1
351.jpg,011241,2025,QRCODE,2
351.jpg,011241,2025,CODE128,2
352.jpg,011516,2025,QRCODE,1
352.jpg,011516,2025,CODE128,1
352.jpg,882225250108,sbn,CODE128,2
354.jpg,746432710042,sbn,QRCODE,1
354.jpg,746432710042,sbn,CODE128,1
354.jpg,3495,2020,CODE39,2
354.jpg,008973,2023,CODE128,3
354.jpg,011062,2025,QRCODE,4
354.jpg,011062,2025,CODE128,4
354.jpg,22001311,2022,CODE128,5
354.jpg,3312,2021,CODE128,6
354.jpg,22001311,2023,CODE128,7
356.jpg,740895001163,sbn,QRCODE,1
356.jpg,740895001163,sbn,CODE128,1
356.jpg,011480,2025,QRCODE,2
356.jpg,011480,2025,CODE128,2
357.jpg,740895001163,sbn,CODE128,1
357.jpg,011480,2025,QRCODE,2
357.jpg,011480,2025,CODE128,2
358.jpg,740899501070,sbn,QRCODE,1
358.jpg,011481,2025,QRCODE,2
359.jpg,740899501070,sbn,CODE128,1
359.jpg,011481,2025,CODE128,2
360.jpg,011484,2025,QRCODE,4
360.jpg,011484,2025,CODE128,4
361.jpg,3537,2020,CODE39,1
361.jpg,740880370587,sbn,QRCODE,2
361.jpg,740880370587,sbn,CODE128,2
361.jpg,3370,2021,CODE128,3
361.jpg,011484,2025,QRCODE,4
361.jpg,011484,2025,CODE128,4
361.jpg,008870,2023,CODE128,5
362.jpg,740880370706,sbn,QRCODE,1
362.jpg,740880370706,sbn,CODE128,1
362.jpg,011482,2025,QRCODE,2
364.jpg,008887,2023,CODE128,1
364.jpg,740899500855,sbn,QRCODE,2
364.jpg,740899500855,sbn,CODE128,2
364.jpg,22001965,2022,CODE128,3
364.jpg,011466,2025,QRCODE,4
364.jpg,011466,2025,CODE128,4
364.jpg,3329,2021,CODE128,5
365.jpg,740899500855,sbn,QRCODE,1
365.jpg,740899500855,sbn,CODE128,1
365.jpg,011466,2025,QRCODE,2
365.jpg,011466,2025,CODE128,2
365.jpg,3329,2022,CODE128,4
365.jpg,3329,2021,CODE128,5
366.jpg,008868,2023,CODE128,1
366.jpg,011465,2025,QRCODE,5
366.jpg,3371,2021,CODE128,6
366.jpg,3371,2022,CODE128,7
367.jpg,008868,2023,CODE128,1
367.jpg,740895000950,sbn,QRCODE,2
367.jpg,740895000950,sbn,CODE128,2
367.jpg,3536,2020,CODE39,3
367.jpg,011465,2025,QRCODE,4
367.jpg,011465,2025,CODE128,4
367.jpg,3371,2021,CODE128,5
367.jpg,3371,2020,CODE128,6
368.jpg,3409,2021,CODE128,1
368.jpg,008830,2023,CODE128,2
368.jpg,011044,2025,QRCODE,3
368.jpg,011044,2025,CODE128,3
368.jpg,3720,2020,CODE39,4
368.jpg,3409,2023,CODE128,6
369.jpg,008830,2023,CODE128,3
369.jpg,011044,2025,QRCODE,4
369.jpg,011044,2025,CODE128,4
370.jpg,740899501066,sbn,CODE128,1
370.jpg,7G952LS#ABM,sbn,CODE128,1
371.jpg,740899501066,sbn,CODE128,1
371.jpg,011478,2025,QRCODE,2
371.jpg,011478,2025,CODE128,2
372.jpg,740895001177,sbn,CODE128,1
372.jpg,011476,2025,QRCODE,2
372.jpg,011476,2025,CODE128,2
373.jpg,011476,2025,QRCODE,2
373.jpg,011476,2025,CODE128,2
374.jpg,011043,2025,CODE128,1
375.jpg,011043,2025,QRCODE,1
375.jpg,011043,2025,CODE128,1
375.jpg,740880370696,sbn,CODE128,2
376.jpg,740880370710,sbn,CODE128,1
377.jpg,011477,2025,QRCODE,2
378.jpg,740899501101,sbn,CODE128,1
378.jpg,011042,2025,QRCODE,2
378.jpg,011042,2025,CODE128,2
379.jpg,011042,2025,CODE128,2
380.jpg,740895001165,sbn,CODE128,1
380.jpg,011041,2025,QRCODE,2
380.jpg,011041,2025,CODE128,2
381.jpg,740895001165,sbn,CODE128,1
381.jpg,011041,2025,QRCODE,2
382.jpg,011203,2025,QRCODE,2
382.jpg,011203,2025,CODE128,2
383.jpg,011203,2025,QRCODE,2
383.jpg,22002503,2022,CODE128,3
383.jpg,3709,2020,CODE39,4
384.jpg,011202,2025,QRCODE,1
384.jpg,011202,2025,CODE128,1
385.jpg,011202,2025,QRCODE,1
385.jpg,011202,2025,CODE128,1
385.jpg,740880370699,sbn,CODE128,2
386.jpg,011200,2025,QRCODE,1
386.jpg,011200,2025,CODE128,1
387.jpg,011200,2025,CODE128,1
388.jpg,740899501053,sbn,CODE128,1
388.jpg,011069,2025,QRCODE,2
388.jpg,011069,2025,CODE128,2
389.jpg,740899501053,sbn,CODE128,1
389.jpg,011069,2025,QRCODE,2
389.jpg,011069,2025,CODE128,2
390.jpg,740880370608,sbn,CODE128,1
390.jpg,22002509,2022,CODE128,2
390.jpg,011463,2025,QRCODE,3
390.jpg,011463,2025,CODE128,3
390.jpg,008851,2023,CODE128,4
390.jpg,3498,2020,CODE39,5
391.jpg,740880370608,sbn,CODE128,1
391.jpg,011463,2025,QRCODE,3
391.jpg,011463,2025,CODE128,3
391.jpg,22002509,2022,CODE128,5
392.jpg,740899501059,sbn,QRCODE,1
392.jpg,740899501059,sbn,CODE128,1
392.jpg,011194,2025,QRCODE,2
392.jpg,011194,2025,CODE128,2
393.jpg,011194,2025,QRCODE,2
394.jpg,011195,2025,QRCODE,1
394.jpg,,2025,CODE128,1
394.jpg,011195,2025,CODE128,1
394.jpg,740895001182,sbn,QRCODE,2
394.jpg,740895001182,sbn,CODE128,2
396.jpg,011196,2025,QRCODE,2
396.jpg,011196,2025,CODE128,2
398.jpg,740895001206,sbn,QRCODE,1
398.jpg,740895001206,sbn,CODE128,1
398.jpg,011472,2025,QRCODE,2
398.jpg,011472,2025,CODE128,2
399.jpg,011472,2025,QRCODE,1
399.jpg,011472,2025,CODE128,1
399.jpg,740895001206,sbn,QRCODE,2
399.jpg,740895001206,sbn,CODE128,2
400.jpg,740880370734,sbn,CODE128,1
400.jpg,011473,2025,QRCODE,2
400.jpg,011473,2025,CODE128,2
402.jpg,740899501099,sbn,CODE128,1
402.jpg,011474,2025,QRCODE,2
403.jpg,740899501099,sbn,CODE128,1
403.jpg,011474,2025,CODE128,2
404.jpg,011039,2025,QRCODE,1
404.jpg,011039,2025,CODE128,1
404.jpg,740899501024,sbn,CODE128,2
405.jpg,740899501024,sbn,CODE128,1
405.jpg,011039,2025,QRCODE,2
405.jpg,011039,2025,CODE128,2
406.jpg,011037,2025,QRCODE,1
406.jpg,740895001184,sbn,CODE128,2
407.jpg,011037,2025,QRCODE,1
407.jpg,740895001184,sbn,QRCODE,2
407.jpg,740895001184,sbn,CODE128,2
409.jpg,011038,2025,QRCODE,1
409.jpg,011038,2025,CODE128,1
409.jpg,740880370717,sbn,CODE128,2
410.jpg,746432710043,sbn,QRCODE,1
410.jpg,746432710043,sbn,CODE128,1
410.jpg,011469,2025,QRCODE,2
410.jpg,011469,2025,CODE128,2
411.jpg,740899501023,sbn,CODE128,1
411.jpg,011035,2025,QRCODE,2
411.jpg,011035,2025,CODE128,2
412.jpg,740899501023,sbn,CODE128,1
412.jpg,011035,2025,QRCODE,2
412.jpg,011035,2025,CODE128,2
413.jpg,011033,2025,QRCODE,1
414.jpg,740880370713,sbn,CODE128,1
414.jpg,011033,2025,QRCODE,2
415.jpg,22001963,2022,CODE128,3
415.jpg,011034,2025,QRCODE,4
416.jpg,740895000977,sbn,QRCODE,1
416.jpg,740895000977,sbn,CODE128,1
416.jpg,3199,2021,CODE128,2
416.jpg,008889,2023,CODE128,3
416.jpg,011034,2025,QRCODE,4
416.jpg,011034,2025,CODE128,4
416.jpg,3573,2020,CODE39,6
417.jpg,008900,2023,CODE128,1
417.jpg,746432710046,sbn,CODE128,2
417.jpg,011189,2025,QRCODE,3
417.jpg,011189,2025,CODE128,3
417.jpg,3377,2021,CODE128,4
417.jpg,22001974,2022,CODE128,5
417.jpg,3543,2020,CODE39,6
418.jpg,008900,2023,CODE128,1
418.jpg,746432710046,sbn,CODE128,2
418.jpg,011189,2025,QRCODE,3
418.jpg,011189,2025,CODE128,3
418.jpg,3377,2021,CODE128,4
418.jpg,22001974,2022,CODE128,5
419.jpg,011440,2025,QRCODE,1
419.jpg,011440,2025,CODE128,1
419.jpg,740895001191,sbn,CODE128,2
420.jpg,011440,2025,CODE128,1
420.jpg,740895001191,sbn,CODE128,2
421.jpg,952282870152,sbn,QRCODE,2
421.jpg,952282870152,sbn,CODE128,2
421.jpg,011438,2025,QRCODE,3
421.jpg,011438,2025,CODE128,3
423.jpg,952282870152,sbn,CODE128,1
423.jpg,22002218,2022,CODE128,2
423.jpg,008793,2023,CODE128,3
423.jpg,011438,2025,CODE128,4
423.jpg,3364,2021,CODE128,5
423.jpg,3364,2020,CODE128,6
424.jpg,011025,2025,QRCODE,1
424.jpg,011025,2025,CODE128,1
424.jpg,008958,2023,CODE128,2
424.jpg,740880370584,sbn,QRCODE,3
424.jpg,740880370584,sbn,CODE128,3
424.jpg,3328,2021,CODE128,4
424.jpg,3328,2020,CODE128,9
425.jpg,740880370584,sbn,CODE128,2
425.jpg,008958,2023,CODE128,4
426.jpg,740880370595,sbn,CODE128,1
426.jpg,011026,2025,QRCODE,3
426.jpg,011026,2025,CODE128,3
426.jpg,008990,2023,CODE128,4
426.jpg,1517,2023,CODE39,5
426.jpg,22001843,2022,CODE128,7
427.jpg,3634,2020,CODE39,1
427.jpg,011026,2025,CODE128,3
427.jpg,008990,2023,CODE128,4
427.jpg,740880370595,sbn,QRCODE,5
427.jpg,740880370595,sbn,CODE128,5
427.jpg,1517,2023,CODE39,7
428.jpg,740899501083,sbn,CODE128,1
428.jpg,011028,2025,QRCODE,2
428.jpg,011028,2025,CODE128,2
429.jpg,011028,2025,QRCODE,2
429.jpg,011028,2025,CODE128,2
430.jpg,011029,2025,QRCODE,1
430.jpg,011029,2025,CODE128,1
430.jpg,008440,2023,CODE128,2
430.jpg,22002049,2022,CODE128,3
430.jpg,22002049,2023,CODE128,4
431.jpg,011029,2025,QRCODE,1
431.jpg,011029,2025,CODE128,1
431.jpg,008440,2023,CODE128,2
431.jpg,22002049,2022,CODE128,3
431.jpg,22002049,2023,CODE128,4
